{
    "components": {
        "body": {
            "filename": "BODY.obj",
            "component_local": {
                "origin": [
                    0.0,
                    -0.0055280933156609539,
                    0.09688881039619446
                ],
                "rotate_xyz": [
                    5.0370001792907719,
                    0.0,
                    0.0
                ]
            }
        },
        "tip": {
            "component_local": {
                "origin": [
                    -0.00005495734512805939,
                    -0.022037258371710779,
                    0.015573009848594666
                ],
                "rotate_xyz": [
                    -29.962980270385743,
                    -0.0000064195382947218608,
                    -0.00000860389627632685
                ]
            }
        },
        "openxr_aim": {
            "component_local": {
                "origin": [
                    -0.00005495734512805939,
                    -0.022037258371710779,
                    0.015573009848594666
                ],
                "rotate_xyz": [
                    -29.962980270385743,
                    -0.0000064195382947218608,
                    -0.00000860389627632685
                ]
            }
        },
        "openxr_grip": {
            "component_local": {
                "origin": [
                    0.0,
                    -0.0055280933156609539,
                    0.09688881039619446
                ],
                "rotate_xyz": [
                    5.0370001792907719,
                    0.0,
                    0.0
                ]
            }
        },
        "menu_button": {
            "filename": "MENU.obj",
            "motion": {
                "type": "translate",
                "controller_button": 1,
                "pressed_path": "/input/application_menu/click",
                "value_mapping": [
                    0.0,
                    0.0004
                ],
                "axis": [
                    0.0,
                    -1.0,
                    0.0
                ]
            },
            "component_local": {
                "origin": [
                    -0.015240511856973172,
                    0.006817634217441082,
                    0.06562580168247223
                ],
                "rotate_xyz": [
                    59.43874740600586,
                    10.807635307312012,
                    -6.318251132965088
                ]
            }
        },
        "thumbstick": {
            "filename": "THUMBSTICK_PRESS.obj",
            "component_local": {
                "origin": [
                    -0.028431393206119539,
                    -0.006272816099226475,
                    0.06294101476669312
                ],
                "rotate_xyz": [
                    -89.99998474121094,
                    60.037017822265628,
                    -90.0
                ]
            },
            "motion": {
                "type": "joystick",
                "controller_axis": 2,
                "joystick_path": "/input/joystick",
                "component_path": "/input/joystick",
                "joystick_rotation_x": [
                    17.501354217529298,
                    -17.501354217529298
                ],
                "joystick_rotation_y": [
                    19.99998664855957,
                    -19.999982833862306
                ],
                "center": [
                    -0.028431393206119539,
                    -0.006272816099226475,
                    0.06294101476669312
                ],
                "rotate_xyz": [
                    0,
                    0,
                    0
                ]
            }
        },
        "system_button": {
            "component_local": {
                "origin": [
                    -0.028431393206119539,
                    -0.006272816099226475,
                    0.06294101476669312
                ],
                "rotate_xyz": [
                    -89.99998474121094,
                    60.037017822265628,
                    -90.0
                ]
            },
            "motion": {
                "type": "none",
                "component_path": "/input/system"
            }
        },
        "trackpad": {
            "component_local": {
                "origin": [
                    -0.0003711804747581482,
                    -0.0007162517867982388,
                    0.05255722627043724
                ],
                "rotate_xyz": [
                    60.03703308105469,
                    -0.00001185184737551026,
                    -0.0000017232193840754917
                ]
            },
            "filename": "TOUCHPAD_PRESS.obj",
            "visibilty": {
                "default": true,
                "scroll": false
            },
            "motion": {
                "type": "trackpad",
                "controller_axis": 0,
                "component_path": "/input/trackpad",
                "press_rotation_x": [
                    7.0,
                    -7.0
                ],
                "press_rotation_y": [
                    7.0,
                    -7.0
                ],
                "press_translate": [
                    0.0,
                    -0.0010000000474974514,
                    0.0
                ],
                "center": [
                    -0.0003711804747581482,
                    -0.0007162517867982388,
                    0.05255722627043724
                ],
                "rotate_xyz": [
                    0.0,
                    -0.0,
                    -0.000004816010005015414
                ]
            }
        },
        "trigger": {
            "component_local": {
                "origin": [
                    -0.0027697375044226648,
                    -0.016576416790485383,
                    0.04907248541712761
                ],
                "rotate_xyz": [
                    -30.561260223388673,
                    10.80764102935791,
                    -6.318260192871094
                ]
            },
            "filename": "SELECT.obj",
            "motion": {
                "type": "rotate",
                "controller_axis": 1,
                "controller_axis_component": 0,
                "trigger_path": "/input/trigger",
                "pivot": [
                    -0.0027697375044226648,
                    -0.016576416790485383,
                    0.04907248541712761
                ],
                "value_mapping": [
                    0.0,
                    19.851970672607423
                ],
                "axis": [
                    -0.9759404063224793,
                    0.09189143776893616,
                    0.19772787392139436
                ]
            }
        },
        "handgrip": {
            "component_local": {
                "origin": [
                    -0.006464366335421801,
                    -0.012231783010065556,
                    0.09611047804355622
                ],
                "rotate_xyz": [
                    70.93717956542969,
                    84.68831634521485,
                    72.01234436035156
                ]
            },
            "filename": "GRASP.obj",
            "motion": {
                "type": "rotate",
                "controller_button": 2,
                "pressed_path": "/input/grip/click",
                "pivot": [
                    -0.006464366335421801,
                    -0.012231783010065556,
                    0.09611047804355622
                ],
                "value_mapping": [
                    0.0,
                    7.99682092666626
                ],
                "axis": [
                    0.0043345564045012,
                    0.17520055174827577,
                    -0.9845232367515564
                ]
            }
        }
    }
}